sku,week,units,point,q10,q50,q80,q90,lower,upper
15036,2011-09-05,155.00000000,127.73240389,46.43635105,127.16042826,652.82272176,1024.20683770,38.29881443,1032.34437432
16014,2011-09-05,1000.00000000,1.47858435,0.00000000,0.00000000,253.91800420,615.41046197,0.00000000,622.82635431
17003,2011-09-05,180.00000000,241.09770643,28.38267801,301.84892051,1027.13025765,1386.19629840,17.45647576,1397.12250065
20725,2011-09-05,303.00000000,283.00551396,157.91696016,261.41450985,463.28209476,566.12182221,147.17570193,576.86308044
20727,2011-09-05,227.00000000,167.22040392,98.77604242,166.86486604,290.12445707,319.99203782,90.48982532,328.27825492
21080,2011-09-05,186.00000000,144.44335644,67.18170281,166.78858516,277.82081621,324.37468840,63.11293450,328.44345671
21212,2011-09-05,352.00000000,432.79953711,269.08406413,554.03081079,825.57238331,1115.14848313,255.23864753,1128.99389973
21213,2011-09-05,775.00000000,202.96701771,99.79053828,263.39725077,336.86276958,695.71412514,92.84244551,702.66221791
21232,2011-09-05,287.00000000,171.51747352,102.90729539,130.97735498,258.33609354,481.95611092,99.75962080,485.10378551
21498,2011-09-05,275.00000000,101.21033859,50.50615060,148.46367099,274.47809373,437.78876209,46.60782089,441.68709180
21915,2011-09-05,130.00000000,142.42191116,33.15134743,149.73080670,429.90719062,662.37757339,22.57327509,672.95564573
21928,2011-09-05,126.00000000,220.50981783,57.85779238,184.23949394,356.69968986,403.29084926,52.49441597,408.65422567
21929,2011-09-05,144.00000000,145.09908916,51.29370140,155.77286593,327.00292290,410.98353281,44.86780350,417.40943071
21931,2011-09-05,276.00000000,241.73410430,138.20851835,243.99259587,416.28633498,423.35074372,129.59230311,431.96695896
21975,2011-09-05,383.00000000,92.89460546,39.87702902,155.20866947,223.68759924,391.56453121,33.32783511,398.11372512
21977,2011-09-05,520.00000000,323.49226441,164.01122957,403.01312988,685.85622749,887.48928537,149.00175360,902.49876135
21980,2011-09-05,218.00000000,61.90747791,11.79492802,68.02307845,205.90322707,473.28114633,10.13405824,474.94201610
21981,2011-09-05,135.00000000,64.28401351,1.24294795,19.71292985,156.72144522,237.11084973,0.07526221,238.27853547
21982,2011-09-05,186.00000000,53.10653582,26.23964347,43.66945682,144.05158403,391.66301716,24.14361131,393.75904932
21984,2011-09-05,74.00000000,26.67624860,3.72008583,15.98295061,23.15751427,103.17398603,2.49800479,104.39606707
21985,2011-09-05,98.00000000,101.27670462,46.74323800,104.34904533,187.64989794,289.14736534,42.77600758,293.11459576
22086,2011-09-05,495.00000000,183.29907334,4.50898057,154.14530517,388.55511424,500.79234489,2.30053146,503.00079400
22151,2011-09-05,577.00000000,211.24655977,63.15381776,189.78809083,456.13024466,683.64367986,51.85047477,694.94702284
22178,2011-09-05,218.00000000,313.58470391,164.94411540,407.42048517,642.97731788,724.19456853,153.44494934,735.69373459
22197,2011-09-05,344.00000000,614.01136323,161.14727972,566.21173555,1033.27154613,1736.10134771,135.33852386,1761.91010357
22355,2011-09-05,229.00000000,241.04736372,107.66997807,239.18236147,388.44547674,475.72511250,100.48979870,482.90529187
22386,2011-09-05,617.00000000,279.38555215,126.45004742,311.49614715,542.30014405,604.54186486,115.78494260,615.20696968
22411,2011-09-05,284.00000000,210.55717776,110.13960885,215.93440661,317.10276833,413.48559342,103.35832833,420.26687394
22423,2011-09-05,105.00000000,181.63520785,107.65263457,196.45752999,285.79555921,358.86068454,102.48508123,364.02823788
22469,2011-09-05,237.00000000,126.38178625,22.53645431,190.98593208,320.97922271,519.92284300,17.69889911,524.76039820
22492,2011-09-05,84.00000000,170.01347723,65.68287958,216.65422589,356.53860263,470.17444972,58.47006303,477.38726627
22616,2011-09-05,76.00000000,267.67771254,81.83780733,240.46647188,700.54580936,1323.72986303,67.36865798,1338.19901237
71459,2011-09-05,244.00000000,178.78701432,79.50047692,183.89937978,315.33088293,471.98724829,74.10446333,477.38326188
72741,2011-09-05,90.00000000,86.72521082,26.37879707,78.41175843,194.94425231,456.05731192,24.69254282,457.74356617
84077,2011-09-05,336.00000000,444.31992818,172.60717482,545.56155929,964.56468695,1597.44623997,155.48353492,1614.56987987
84212,2011-09-05,504.00000000,14.40883241,0.00000000,18.83935254,200.01563556,371.07497332,0.00000000,377.84174843
84270,2011-09-05,0.00000000,0.91711640,0.00000735,1.53778111,59.23024984,128.85490369,0.00000000,128.88391452
84347,2011-09-05,38.00000000,21.30242336,0.00000000,1.88228705,27.97280136,149.11133944,0.00000000,149.32166792
84568,2011-09-05,45.00000000,61.94052255,2.20999128,162.38122005,623.70294422,1108.50084571,0.00000000,1127.32161892
84598,2011-09-05,21.00000000,46.18492668,0.46608551,27.61928677,225.45885269,502.58513845,0.01279136,503.03843260
84755,2011-09-05,284.00000000,257.67481829,123.61852784,316.86067979,603.17862375,605.53247636,113.41396988,615.73703432
84879,2011-09-05,384.00000000,528.90940682,252.05601271,604.31733700,727.50141355,1963.27977647,223.29903168,1992.03675750
84946,2011-09-05,247.00000000,307.04109063,115.84175066,312.99786127,473.45853557,473.81789339,106.81213115,482.84751290
84970S,2011-09-05,85.00000000,202.64659062,76.13357176,157.63606047,325.01897078,417.04984066,73.32314802,419.86026440
84991,2011-09-05,549.00000000,223.65848200,107.48211964,242.70536331,363.14822372,523.13974755,101.21578127,529.40608591
84992,2011-09-05,87.00000000,141.56623515,45.55526399,151.75222190,321.19423337,465.36656258,42.49824823,468.42357835
85099B,2011-09-05,536.00000000,621.31740947,305.29896320,784.48803051,1230.68021934,1492.07088920,280.55635518,1516.81349722
85099C,2011-09-05,439.00000000,233.69156533,84.54451808,280.50991370,370.58750602,464.70044547,79.14125178,470.10371176
85099F,2011-09-05,189.00000000,234.14852042,127.83936146,294.29354809,567.01741334,736.66923974,117.37007972,747.13852148
85123A,2011-09-05,407.00000000,521.06084569,260.83111607,621.47125112,1082.01840953,1349.20041439,243.17802860,1366.85350186
15036,2011-09-12,52.00000000,127.15639404,46.81528117,133.47575524,658.53288935,951.67955234,39.30510366,959.18972985
16014,2011-09-12,0.00000000,14.26616626,0.00000000,51.52173984,320.63701292,1290.36401599,0.00000000,1301.40626154
17003,2011-09-12,109.00000000,168.62333069,21.36096714,267.34253743,864.16327037,981.67797958,13.45189077,989.58705595
20725,2011-09-12,299.00000000,247.25693967,134.47469132,234.07708948,423.77708656,612.89447529,123.36354506,624.00562155
20727,2011-09-12,302.00000000,167.22040392,94.11928236,166.21822709,280.16680630,346.12382948,85.85844973,354.38466211
21080,2011-09-12,168.00000000,159.16437309,71.54796786,177.82869457,291.55969066,394.66048848,67.05128987,399.15716647
21212,2011-09-12,931.00000000,479.00669239,255.92027229,577.78157265,855.08265443,1704.58086072,241.54178177,1718.95935123
21213,2011-09-12,865.00000000,226.47576637,119.94522587,300.37386157,438.84532935,637.00166062,110.93373812,646.01314837
21232,2011-09-12,133.00000000,177.38037657,107.63169743,151.97719087,274.74301729,503.86963470,103.88204820,507.61928393
21498,2011-09-12,125.00000000,150.45196284,66.63531967,177.68002767,277.54139856,390.48456241,62.46501347,394.65486861
21915,2011-09-12,223.00000000,126.45344664,42.17647135,126.81388030,436.98374200,727.30985685,31.67455243,737.81177577
21928,2011-09-12,202.00000000,161.44531944,51.33285803,180.17487189,345.13155261,373.09716307,45.62135171,378.80866939
21929,2011-09-12,78.00000000,128.46807567,49.78326780,160.98287255,294.92706908,376.60960606,43.02737176,383.36550211
21931,2011-09-12,330.00000000,241.73410430,137.76431127,245.39668984,438.97052752,455.25397554,128.71293363,464.30535317
21975,2011-09-12,799.00000000,155.19262281,57.99910771,152.29324514,246.38696306,392.11659515,50.71376409,399.40193876
21977,2011-09-12,718.00000000,374.97568105,170.59831670,426.99916598,621.52093928,906.06032796,154.13104673,922.52759793
21980,2011-09-12,89.00000000,88.03488858,26.31747567,87.22930084,175.65489013,467.26580092,24.01474137,469.56853521
21981,2011-09-12,51.00000000,48.15875842,13.30487136,65.21249459,219.51285564,272.33005829,11.79268207,273.84224758
21982,2011-09-12,92.00000000,97.19392055,28.30833009,95.42202655,252.09196258,485.16219529,25.56318071,487.90734468
21984,2011-09-12,90.00000000,35.56680085,15.91210145,39.32850637,98.26781526,108.82628556,14.51595546,110.22243155
21985,2011-09-12,616.00000000,97.14804530,43.62325968,106.19212375,189.34336439,322.48331222,39.84097327,326.26559862
22086,2011-09-12,479.00000000,254.72302637,58.95770280,228.59469962,502.41406377,632.90195924,54.99047238,636.86918967
22151,2011-09-12,209.00000000,236.51637487,77.81001007,208.59349025,427.75442257,604.70193252,66.82941253,615.68253007
22178,2011-09-12,242.00000000,234.85244009,125.25893005,278.35661606,568.69118656,614.24366391,113.52767738,625.97491658
22197,2011-09-12,546.00000000,407.85686344,137.61818691,513.55154025,829.46252331,1215.75821661,110.94273263,1242.43367089
22355,2011-09-12,421.00000000,206.53118412,98.37719908,228.37986641,394.08602709,446.11535750,90.85251615,453.64004043
22386,2011-09-12,478.00000000,333.99599988,170.87468043,339.67329866,537.10650039,656.23207082,159.11441694,667.99233431
22411,2011-09-12,335.00000000,215.43365360,109.80000536,223.22381676,357.13989857,392.15513316,102.32609138,399.62904714
22423,2011-09-12,197.00000000,184.22816077,106.88133396,185.79368801,286.90223938,424.35471963,102.08004230,429.15601129
22469,2011-09-12,359.00000000,132.42421594,33.11151524,212.06462330,382.15705021,541.72899053,28.49516760,546.34533818
22492,2011-09-12,325.00000000,160.76091499,57.54861900,192.73141717,280.30384137,498.87681928,52.91051323,503.51492505
22616,2011-09-12,200.00000000,195.55271042,79.31948584,182.10089395,534.40276470,1185.89807982,64.85758921,1200.35997646
71459,2011-09-12,604.00000000,172.78619186,70.51818949,192.76137380,329.93839097,565.79286660,65.60085453,570.71020156
72741,2011-09-12,283.00000000,90.41302388,40.39352935,93.06287707,208.84105908,303.30376153,38.90309818,304.79419270
84077,2011-09-12,960.00000000,502.33271236,172.94618644,469.22891886,955.01598908,1552.22917424,158.43352086,1566.74183982
84212,2011-09-12,0.00000000,31.45999294,11.54110923,90.16780718,293.16516634,695.38613017,3.12071705,703.80652234
84270,2011-09-12,0.00000000,0.66832845,0.00000735,0.64025233,56.99000689,130.84828707,0.00000000,130.87729789
84347,2011-09-12,294.00000000,67.71464515,2.16760308,62.18213631,75.63114369,224.61400190,1.81947317,224.96213181
84568,2011-09-12,32.00000000,43.39066372,10.33974108,132.60205429,468.79013376,1120.98894121,0.00000000,1137.85873638
84598,2011-09-12,12.00000000,35.81263420,0.47398630,17.11069026,221.37357987,448.69130332,0.00000000,449.22075089
84755,2011-09-12,392.00000000,204.05059378,113.00151214,233.49603618,503.28214163,627.03097575,102.94200831,637.09047958
84879,2011-09-12,740.00000000,578.95965661,231.83712499,587.58007060,687.17917377,1695.97813861,203.00036419,1724.81489941
84946,2011-09-12,115.00000000,307.04109063,128.99597859,342.66791769,452.78310532,544.25594510,119.41877974,553.83314395
84970S,2011-09-12,85.00000000,193.04365004,92.12405639,160.40421908,312.51077221,487.89002095,89.34264347,490.67143387
84991,2011-09-12,733.00000000,266.30001996,176.57281364,312.22562476,424.87189469,558.56209198,168.62384738,566.51105824
84992,2011-09-12,655.00000000,128.60116273,48.69937510,154.43374854,337.62610491,455.57931296,45.52631604,458.75237203
85099B,2011-09-12,741.00000000,634.53716314,308.18663722,739.49386605,1226.48253763,1354.50778636,282.99073505,1379.70368853
85099C,2011-09-12,109.00000000,237.02930190,101.76168009,330.56024367,382.59670233,502.32639067,95.10369558,508.98437519
85099F,2011-09-12,302.00000000,243.67237547,119.04098415,258.18501210,547.66158752,769.61552111,107.99148589,780.66501937
85123A,2011-09-12,657.00000000,586.91936286,291.75573074,627.25152241,1059.14819841,1232.05242462,276.87680348,1246.93135188
15036,2011-09-19,93.00000000,98.88509419,34.67109805,129.14617296,520.86210207,879.15920730,28.82179031,885.00851504
16014,2011-09-19,0.00000000,2.46433565,4.11460637,21.80675036,299.56495105,1148.09776556,0.00000000,1159.14001111
17003,2011-09-19,857.00000000,295.73920119,21.79434702,331.17127796,978.15696569,1021.24736585,14.53801423,1028.50369864
20725,2011-09-19,211.00000000,312.71573278,141.41191442,311.54833168,503.76954034,635.73432374,130.72142512,646.42481303
20727,2011-09-19,312.00000000,217.57846058,108.48167812,228.47465715,320.41642105,344.46808393,100.05040689,352.89935516
21080,2011-09-19,210.00000000,197.91601827,75.87112715,239.76250867,304.56871104,407.63189412,71.12060443,412.38241684
21212,2011-09-19,404.00000000,646.70634652,281.00512535,709.51070683,1025.41513472,1369.05149187,264.37829584,1385.67832138
21213,2011-09-19,251.00000000,347.59578902,133.08583091,434.33136471,505.19614614,914.09078069,121.51776414,925.65884746
21232,2011-09-19,207.00000000,207.43376274,119.46890484,225.55556445,242.13183500,446.84903751,115.74826644,450.56967591
21498,2011-09-19,175.00000000,187.10444691,78.50168687,253.61251710,280.49835383,398.04596997,74.78467482,401.76298202
21915,2011-09-19,197.00000000,224.59437717,46.69148077,205.34605954,466.87733643,740.58122792,35.65286157,751.61984712
21928,2011-09-19,221.00000000,250.94322004,59.08056180,257.47833435,364.50128776,428.71584308,53.11158440,434.68482048
21929,2011-09-19,379.00000000,168.04249247,51.71647283,210.36944966,307.04293549,356.39742468,46.20804229,361.90585522
21931,2011-09-19,278.00000000,289.92693967,144.90178538,318.48137918,447.02749974,507.62752427,135.58568396,516.94362569
21975,2011-09-19,310.00000000,207.63715590,71.11395998,257.10304075,365.86599865,476.02012773,61.58390372,485.55018399
21977,2011-09-19,326.00000000,458.53557480,177.47401502,467.03517152,639.97838145,886.12395198,163.22969958,900.36826742
21980,2011-09-19,63.00000000,81.30301467,33.08846696,146.17869235,206.74643663,392.00331899,30.90177597,394.19000998
21981,2011-09-19,76.00000000,48.07188611,16.07391009,62.46691165,152.28339847,190.72355598,14.65600598,192.14146009
21982,2011-09-19,62.00000000,112.29618590,38.70192665,130.96058342,204.04974323,448.13462242,36.17798481,450.65856426
21984,2011-09-19,62.00000000,48.50429871,25.98830526,89.64381640,150.59331005,195.94006014,24.37820443,197.55016097
21985,2011-09-19,102.00000000,141.78070337,59.49417143,165.45161440,201.92138544,392.88241971,53.99299359,398.38359755
22086,2011-09-19,584.00000000,278.52602943,78.50995930,389.43992535,668.11070174,744.70738496,72.85647463,750.36086963
22151,2011-09-19,140.00000000,198.38819349,78.18356347,271.18144192,460.88044780,618.64199986,68.35614624,628.46941708
22178,2011-09-19,419.00000000,387.40427226,126.64289133,446.00167456,647.35413121,717.47187694,115.83273239,728.28203588
22197,2011-09-19,562.00000000,801.72470806,168.84402631,590.88111739,1035.62756640,1461.91520957,142.39703229,1488.36220360
22355,2011-09-19,197.00000000,339.85532851,155.85767655,322.57220117,429.70582011,432.54058192,147.78541429,440.61284418
22386,2011-09-19,599.00000000,434.23472049,177.22168110,394.55545185,551.46697819,649.98504728,164.76878414,662.43794424
22411,2011-09-19,422.00000000,264.64732561,115.54686032,300.29604011,379.29099214,473.80995431,107.81910161,481.53771302
22423,2011-09-19,100.00000000,288.66018605,120.55809775,271.75989104,360.98710686,440.48089129,116.15207859,444.88691046
22469,2011-09-19,1019.00000000,225.74440785,47.11103639,343.65382943,473.30067767,576.52037678,42.14293248,581.48848069
22492,2011-09-19,190.00000000,271.83248731,84.11176175,281.25220197,393.10553872,514.98013186,78.81728605,520.27460756
22616,2011-09-19,267.00000000,334.60487989,75.84400209,284.61956403,750.95360196,1285.56168783,64.05110142,1297.35458850
71459,2011-09-19,120.00000000,206.94478202,122.29028702,282.55438043,379.99701424,611.20451643,116.03845407,617.45634938
72741,2011-09-19,48.00000000,124.74933134,50.67849585,143.24821197,263.88847289,446.83164521,48.34312438,449.16701668
84077,2011-09-19,539.00000000,697.07856090,182.79050885,593.19065100,1182.27212552,1839.57407377,167.08114671,1855.28343591
84212,2011-09-19,24.00000000,10.48632030,7.47575048,54.70549082,246.75048167,468.88906076,0.00000000,476.59143500
84270,2011-09-19,0.00000000,0.28446970,0.00000735,0.64025233,93.43526833,125.44165476,0.00000000,125.47066558
84347,2011-09-19,367.00000000,150.76714167,31.41992210,210.09517171,389.16449903,489.65828722,30.00927070,491.06893862
84568,2011-09-19,24.00000000,44.22499982,5.94145554,167.12879049,398.21818827,1064.37586217,0.00000000,1081.20214111
84598,2011-09-19,20.00000000,23.23706056,2.88754457,19.48751922,208.15751265,548.92463579,2.32908618,549.48309419
84755,2011-09-19,228.00000000,244.13604849,122.09222433,308.93582564,559.93890089,595.63251202,112.32282876,605.40190759
84879,2011-09-19,637.00000000,713.76811121,265.90629073,668.32626341,884.99116748,1802.88866427,236.23909504,1832.55585996
84946,2011-09-19,477.00000000,312.30278587,102.45981865,328.15267252,385.92733337,418.04857978,94.30415026,426.20424817
84970S,2011-09-19,89.00000000,251.07601655,95.02410317,207.74438159,317.26823273,362.81169211,92.65246817,365.18332711
84991,2011-09-19,306.00000000,327.81420000,186.91942492,425.05842441,531.08529255,655.28002544,176.76200955,665.43744081
84992,2011-09-19,216.00000000,166.06942591,62.42328214,193.33833890,246.01068971,439.22916800,57.44429917,444.20815097
85099B,2011-09-19,1387.00000000,865.69454171,309.18155511,790.55615505,1225.40438477,1565.16878464,283.88048870,1590.46985105
85099C,2011-09-19,440.00000000,272.85672494,89.24722149,366.31205625,391.71189897,486.06481913,82.95549866,492.35654196
85099F,2011-09-19,509.00000000,299.52990380,123.86008604,343.51522938,519.37535684,772.09402920,112.15059150,783.80352375
85123A,2011-09-19,660.00000000,728.58893861,299.89431599,688.83916503,1103.63735801,1196.49505770,285.14956380,1211.23980989
15036,2011-09-26,30.00000000,143.00459828,38.69147999,184.20879044,753.64123833,903.93036329,34.81853476,907.80330853
16014,2011-09-26,1.00000000,5.57364339,0.00000000,12.24260906,307.83029428,1077.21063395,0.00000000,1088.25287950
17003,2011-09-26,895.00000000,208.34614749,32.72591430,352.90703683,863.20600499,1207.59010302,22.90212343,1217.41389389
20725,2011-09-26,228.00000000,300.40611462,135.66896432,305.55745287,480.56735850,616.39415143,125.46440636,626.59870939
20727,2011-09-26,205.00000000,192.95843221,109.49398526,211.11324436,276.82873431,434.01447333,101.07721944,442.43123915
21080,2011-09-26,151.00000000,193.26353708,78.25632751,231.93234965,310.09948401,538.56368558,73.31360807,543.50640501
21212,2011-09-26,311.00000000,691.65496526,280.03769939,738.01015367,1037.53047915,1557.36219205,263.87141673,1573.52847470
21213,2011-09-26,194.00000000,334.67576421,127.47150102,397.16150669,501.33973130,1028.91146407,115.74387471,1040.63909038
21232,2011-09-26,214.00000000,209.93094735,114.93170431,219.35865352,266.35311127,532.59287204,110.80491435,536.71966200
21498,2011-09-26,275.00000000,189.35807187,74.29232528,237.44602189,269.92375447,392.44496745,70.30333674,396.43395599
21915,2011-09-26,192.00000000,230.37833060,49.55974409,196.85379196,497.28156792,709.00402349,38.39420253,720.16956505
21928,2011-09-26,349.00000000,252.11756008,59.08056180,239.16905440,373.98066698,501.15697101,53.19861688,507.03891594
21929,2011-09-26,112.00000000,211.88348251,62.84017252,205.26104538,327.25034677,420.33183533,57.02712831,426.14487954
21931,2011-09-26,260.00000000,282.25001306,146.12142434,309.01864350,454.29267088,542.21726424,136.63125796,551.70743062
21975,2011-09-26,136.00000000,229.37054638,74.20558191,253.43465840,352.74811080,530.56414205,64.03728748,540.73243648
21977,2011-09-26,189.00000000,460.28402383,166.89474697,423.34133340,711.42049652,910.57813387,152.94053979,924.53234106
21980,2011-09-26,73.00000000,97.94618578,22.04505617,81.78575644,99.96851978,331.52419978,19.98166119,333.58759476
21981,2011-09-26,44.00000000,58.15078724,18.82942550,73.59677280,175.53291141,193.01281262,17.27009361,194.57214450
21982,2011-09-26,35.00000000,99.51200758,22.74742636,104.64747959,143.76601877,461.14925706,20.22348452,463.67319890
21984,2011-09-26,78.00000000,39.56735170,12.31150187,68.86485809,71.14357996,91.41668537,10.61074221,93.11744503
21985,2011-09-26,111.00000000,136.56488312,59.35154402,187.93459039,189.94234141,324.37750401,53.53487346,330.19417457
22086,2011-09-26,347.00000000,334.44521110,80.69866395,457.59166880,827.64411597,970.76978873,73.53298998,977.93546269
22151,2011-09-26,110.00000000,232.35022704,74.80504839,254.62909294,440.66026273,596.91513313,65.43817802,606.28200349
22178,2011-09-26,84.00000000,426.72404448,176.06711034,477.52598148,665.13923940,774.92050480,164.59332875,786.39428639
22197,2011-09-26,1663.00000000,601.54869507,147.57650119,560.74124154,821.93582032,1326.85495519,120.49852171,1353.93293468
22355,2011-09-26,170.00000000,312.11147991,111.88285579,307.69344372,433.88888194,504.82256797,104.13696531,512.56845845
22386,2011-09-26,665.00000000,434.78225138,176.84402674,390.24662586,575.93969150,761.00109176,163.68036455,774.16475395
22411,2011-09-26,489.00000000,290.01995275,161.12404061,305.86922216,447.27645382,590.52222681,152.28661782,599.35964960
22423,2011-09-26,136.00000000,266.11419165,112.24886657,265.43746119,324.76851336,440.23311836,108.47745922,444.00452571
22469,2011-09-26,226.00000000,225.44802828,74.15145862,388.27729667,497.34527490,622.26842322,65.94139493,630.47848691
22492,2011-09-26,288.00000000,270.82003800,90.47598046,300.32061037,434.88622678,565.93488232,85.14524123,571.26562155
22616,2011-09-26,577.00000000,321.67527924,80.35573693,285.60803276,618.36179660,1419.31575830,67.87020280,1431.80129244
71459,2011-09-26,276.00000000,161.47420302,83.16755902,238.96256906,289.51859468,514.45888828,76.82869360,520.79775371
72741,2011-09-26,129.00000000,109.08425408,36.85344679,105.79200116,185.34499941,422.33318702,34.37664754,424.80998627
84077,2011-09-26,768.00000000,695.49852635,176.85740497,606.66373920,1233.12982110,2118.72203036,161.82979723,2133.74963810
84212,2011-09-26,24.00000000,13.35877684,3.43866615,61.25022112,221.95180819,414.67837703,0.00000000,418.81241970
84270,2011-09-26,0.00000000,0.26492999,0.00000735,0.64025233,87.73221266,163.39659325,0.00000000,163.42560407
84347,2011-09-26,40.00000000,185.25659518,48.44411449,227.17630193,480.02381251,650.68757304,45.72434957,653.40733796
84568,2011-09-26,9.00000000,72.94739883,0.00000000,136.16014971,468.16274625,1246.05051741,0.00000000,1252.28784495
84598,2011-09-26,12.00000000,45.78374455,3.74344127,29.12125749,235.50419687,583.28665589,3.19223558,583.83786158
84755,2011-09-26,48.00000000,307.87346142,123.21233215,322.36736921,521.38692000,685.98136873,113.72579213,695.46790875
84879,2011-09-26,791.00000000,842.36290789,264.12955314,663.83643597,824.91333348,2074.42893941,233.57390091,2104.98459164
84946,2011-09-26,378.00000000,348.69701655,136.32097217,349.14166722,429.16735329,623.21934976,127.01212345,632.52819848
84970S,2011-09-26,202.00000000,225.96758762,88.52114241,204.53511759,233.48509394,405.41878998,86.25829800,407.68163438
84991,2011-09-26,220.00000000,366.14328139,152.32691878,445.99169655,563.62912567,690.49413475,141.90840598,700.91264755
84992,2011-09-26,110.00000000,176.01558715,61.31187983,188.65941247,280.89062424,368.96582520,55.59312080,374.68458422
85099B,2011-09-26,889.00000000,926.77211568,312.10191893,840.77012001,1334.55831958,1379.52138973,283.72933134,1407.89397732
85099C,2011-09-26,398.00000000,321.15900061,128.70356593,367.02752104,370.15377888,472.95443404,121.41096960,480.24703037
85099F,2011-09-26,204.00000000,284.87965566,155.42289434,294.48122111,539.62573060,869.58980440,143.43779695,881.57490179
85123A,2011-09-26,404.00000000,728.96186828,293.50167268,691.18117504,1074.47226500,1269.30007832,279.10505040,1283.69670060
15036,2011-10-03,721.00000000,81.86228991,28.32084702,125.53356103,619.52684026,1082.38847531,25.14778795,1085.56153438
16014,2011-10-03,0.00000000,6.93620155,0.46606492,24.41142094,377.46906496,1373.79755973,0.00000000,1384.84343163
17003,2011-10-03,376.00000000,354.77471261,48.89885258,437.35023840,1156.36166912,1851.33068547,36.22837443,1864.00116362
20725,2011-10-03,278.00000000,300.48418473,131.13176379,301.28961495,436.67565758,549.05768963,122.21093487,557.97851855
20727,2011-10-03,208.00000000,209.86882944,106.15406120,228.38701781,305.45595479,438.49086969,98.29575378,446.34917711
21080,2011-10-03,92.00000000,198.15223279,71.50486210,234.55148804,329.11055468,520.18238145,67.01543681,524.67180674
21212,2011-10-03,405.00000000,650.54718558,246.10925622,690.70413290,1052.16169707,1758.49932174,229.90671004,1774.70186793
21213,2011-10-03,202.00000000,331.41143139,128.31965686,414.84032456,610.69550795,1058.45176877,116.32730677,1070.44411886
21232,2011-10-03,67.00000000,255.02700718,114.67695150,299.83978558,324.47001046,567.28101594,110.28543776,571.67252968
21498,2011-10-03,125.00000000,196.82758337,74.53599071,277.76365454,304.58537690,433.50472163,70.27502567,437.76568666
21915,2011-10-03,1771.00000000,218.28638617,50.07785844,201.46170776,474.80651735,1138.68183028,39.51066516,1149.24902356
21928,2011-10-03,156.00000000,260.02437626,63.61234963,270.40796174,389.69785425,516.79969723,57.08491384,523.32713303
21929,2011-10-03,461.00000000,196.67546062,58.47674754,237.52332215,329.49243782,403.24447866,53.67182953,408.04939668
21931,2011-10-03,444.00000000,257.62845421,115.79520473,299.55994813,448.79722324,516.79920468,106.75107980,525.84332961
21975,2011-10-03,107.00000000,225.96641362,72.52445331,240.78159005,367.11968106,515.44070252,62.68615703,525.27899881
21977,2011-10-03,829.00000000,469.08757839,161.97814753,428.63031214,839.83390155,1053.92855755,148.14723635,1067.75946873
21980,2011-10-03,528.00000000,140.85740180,31.15629172,127.06961707,167.62930713,413.68527154,28.86081013,415.98075313
21981,2011-10-03,5.00000000,56.02521189,14.43785490,67.10538913,167.99546587,242.62245008,12.86401760,244.19628738
21982,2011-10-03,8.00000000,100.18697472,18.43035179,102.01186177,128.58968394,478.08303249,16.08047491,480.43290937
21984,2011-10-03,76.00000000,58.25571070,18.94682240,74.82444472,82.77223982,130.82336183,17.06474508,132.70543916
21985,2011-10-03,182.00000000,168.17080146,47.62399832,188.64673777,203.47028767,371.19354532,42.55435652,376.26318713
22086,2011-10-03,953.00000000,395.11481624,63.87614401,476.24853181,947.12105986,1258.77668929,56.01421023,1266.63862307
22151,2011-10-03,54.00000000,263.99756048,66.54612336,253.47634199,409.54131102,558.46953607,60.17462076,564.84103868
22178,2011-10-03,1459.00000000,355.63174975,99.27900554,383.38604269,537.45286404,634.59374473,90.40169285,643.47105741
22197,2011-10-03,799.00000000,771.33688519,169.98484413,613.50212645,1153.09308552,1908.43335678,144.77443655,1933.64376436
22355,2011-10-03,354.00000000,310.15529389,101.09053766,305.60037149,413.35211588,494.14590723,93.52233849,501.71410640
22386,2011-10-03,1539.00000000,463.57767652,178.81657434,426.81968467,582.55062574,767.19709943,164.55412713,781.45954664
22411,2011-10-03,183.00000000,269.12478176,150.43578611,300.42674124,436.07493338,625.96699781,141.30462870,635.09815521
22423,2011-10-03,297.00000000,286.73372670,112.71087223,283.99849297,333.04150924,477.22794568,108.92495946,481.01385844
22469,2011-10-03,254.00000000,201.12626965,51.27135938,390.60888154,524.72617108,618.49955145,42.87635168,626.89455915
22492,2011-10-03,724.00000000,306.27558048,82.09092191,352.53900959,458.52511903,652.63780407,76.64051302,658.08821296
22616,2011-10-03,465.00000000,326.85351035,82.66086459,323.92341662,766.19888914,1238.40447505,74.30212042,1246.76321922
71459,2011-10-03,168.00000000,213.50318037,86.85128648,265.03772069,406.13467234,618.43726858,80.46890482,624.81965025
72741,2011-10-03,99.00000000,157.73358700,43.99006664,127.54268330,243.30875866,475.15862463,41.46975116,477.67894012
84077,2011-10-03,893.00000000,769.65143886,183.30478286,613.36547612,1221.36959796,2340.01824125,165.84751846,2357.47550565
84212,2011-10-03,480.00000000,18.58339744,5.25379436,56.00316878,240.56192745,463.32325690,1.11975169,467.45729957
84270,2011-10-03,0.00000000,0.24564171,0.00000735,0.64025233,73.59241053,171.28713711,0.00000000,171.31614793
84347,2011-10-03,178.00000000,99.27016878,28.90858320,153.14337298,279.12107516,633.53952549,26.08728039,636.36082830
84568,2011-10-03,0.00000000,278.68059476,6.37757367,154.54130619,461.00479801,1303.94388907,0.29617932,1310.02528342
84598,2011-10-03,20.00000000,26.86828133,2.66494127,24.46902244,227.74405863,825.53576369,2.20076806,825.99993691
84755,2011-10-03,288.00000000,163.04668718,76.80052310,269.25784464,334.79511799,482.79319570,67.96672666,491.62699214
84879,2011-10-03,573.00000000,761.69239835,283.58220201,674.70475718,1070.72385071,1674.44105936,263.90923580,1694.11402558
84946,2011-10-03,342.00000000,406.15717350,134.53237118,378.47025062,534.02600693,544.67207403,125.94516675,553.25927845
84970S,2011-10-03,40.00000000,231.78097200,98.19111385,219.75302255,315.94994045,485.16675276,95.39882187,487.95904474
84991,2011-10-03,157.00000000,345.24570921,160.73462422,442.58771071,643.95496139,830.98531529,150.23270530,841.48723421
84992,2011-10-03,161.00000000,217.24612045,57.42282703,217.76409427,300.65062550,379.22470325,52.20813110,384.43939918
85099B,2011-10-03,2636.00000000,926.64187993,312.10191893,862.53454890,1239.08556251,1576.03993101,284.22614173,1603.91570820
85099C,2011-10-03,276.00000000,338.31588786,134.72728861,379.69309521,435.38951384,474.76229554,126.94876096,482.54082319
85099F,2011-10-03,1172.00000000,283.27990968,128.24230815,334.87410929,552.82575134,991.61917938,117.46478638,1002.39670115
85123A,2011-10-03,156.00000000,730.79328619,293.74715872,699.96370380,1128.27693896,1426.77682615,279.41943715,1441.10454771
15036,2011-10-10,224.00000000,207.23567361,60.23634143,229.63778044,934.51748998,1262.66843278,55.42054436,1267.48422986
16014,2011-10-10,20.00000000,10.98429610,0.00000735,10.41313646,304.96638544,1128.15532563,0.00000000,1139.16493400
17003,2011-10-10,72.00000000,339.83567827,43.61005676,380.18930655,1137.22559316,1715.31448796,30.09826467,1728.82628006
20725,2011-10-10,373.00000000,300.48418473,135.03542984,303.15602007,424.30122851,505.01549833,127.19162782,512.85930034
20727,2011-10-10,336.00000000,209.86882944,99.77290422,228.38701781,298.64371685,324.54384525,92.26997941,332.04677006
21080,2011-10-10,47.00000000,204.14460239,72.32199233,234.65376319,332.47305392,367.27614527,67.82168798,371.77644961
21212,2011-10-10,163.00000000,689.09030845,285.28973087,714.93474270,1033.11080118,1296.28518169,268.57224253,1313.00267003
21213,2011-10-10,125.00000000,318.48217871,117.57217518,378.34665995,509.94966907,836.57661054,105.07938834,849.06939738
21232,2011-10-10,370.00000000,192.08431690,98.13307422,183.57308571,232.47568934,476.43767099,93.93013084,480.64061437
21498,2011-10-10,150.00000000,195.80599005,78.11956272,256.39867756,293.27926098,393.29450507,73.76793886,397.64612893
21915,2011-10-10,180.00000000,254.36817931,42.77283652,223.17054247,534.40171861,1062.75900096,28.80412392,1076.72771356
21928,2011-10-10,79.00000000,269.47788793,60.92056487,255.67500468,371.53766437,416.08307610,54.31334931,422.69029166
21929,2011-10-10,71.00000000,253.42082894,87.08648914,241.96279128,345.13613933,427.12201009,80.97245762,433.23604162
21931,2011-10-10,243.00000000,306.12324861,148.79922779,329.40194148,478.59685634,529.55627634,139.22202894,539.13347520
21975,2011-10-10,19.00000000,217.75520299,70.56141821,220.69846760,347.91470132,430.44406778,60.65784757,440.34763842
21977,2011-10-10,150.00000000,520.10940473,173.14535277,484.53612368,787.30785282,1087.39448610,157.12049790,1103.41934098
21980,2011-10-10,60.00000000,128.60470018,33.72675866,139.31457876,204.02155513,333.17295528,29.65436400,337.24534994
21981,2011-10-10,16.00000000,45.72140994,3.48525073,56.16810859,157.06990904,169.70799727,1.93679791,171.25645009
21982,2011-10-10,112.00000000,89.91711736,13.12731988,104.17065662,179.79198935,466.40239260,10.94062889,468.58908359
21984,2011-10-10,85.00000000,58.25571070,20.65886349,64.18446418,80.99069718,131.60692244,18.71876452,133.54702141
21985,2011-10-10,114.00000000,139.59010767,50.12672891,181.21245809,211.73049488,410.82784000,44.62555108,416.32901783
22086,2011-10-10,816.00000000,379.31899790,99.53814735,512.63175631,1012.36751357,1546.16688664,88.30007872,1557.40495527
22151,2011-10-10,77.00000000,233.74905666,54.63618118,192.06907654,387.53050689,642.02650230,48.28643670,648.37624679
22178,2011-10-10,297.00000000,421.66832043,169.45287547,499.69407115,684.28586026,965.56314887,156.40163024,978.61439410
22197,2011-10-10,748.00000000,743.09264494,166.30167717,625.91239186,1005.61000970,1528.34633663,144.22443877,1550.42357503
22355,2011-10-10,230.00000000,340.98268318,113.09153113,300.57142592,411.48256147,422.69708972,105.14619123,430.64242963
22386,2011-10-10,397.00000000,551.28407003,184.87096986,471.01101145,627.59157893,868.35838122,166.33667856,886.89267252
22411,2011-10-10,230.00000000,304.39050614,143.81651638,296.48864944,432.73554030,448.15999487,134.85217122,457.12434003
22423,2011-10-10,127.00000000,297.15457008,119.97021308,286.48904554,325.23810659,414.51810487,115.54968850,418.93862945
22469,2011-10-10,88.00000000,266.06568928,49.81738201,337.21998129,518.10897701,538.80352020,41.04160722,547.57929499
22492,2011-10-10,185.00000000,322.90992820,143.64691168,374.22714720,457.86078605,497.29065845,135.96266921,504.97490092
22616,2011-10-10,41.00000000,339.19289173,84.60312147,304.87548751,793.11152561,1324.24827883,75.05855979,1333.79284051
71459,2011-10-10,129.00000000,212.22902806,85.81839105,256.45531828,438.20417762,628.25407187,79.46502021,634.60744271
72741,2011-10-10,144.00000000,156.63144010,46.42555887,153.47159714,198.58264826,400.67862031,43.57887159,403.52530759
84077,2011-10-10,634.00000000,855.73423120,184.60436276,653.89685777,1287.97134593,2380.09544980,166.00117074,2398.69864181
84212,2011-10-10,0.00000000,17.75126066,11.35342033,96.43814702,281.28143197,648.32348729,5.47872812,654.19817951
84270,2011-10-10,0.00000000,0.30312361,0.00000735,0.64025233,56.75995896,133.33219862,0.00000000,133.36120945
84347,2011-10-10,469.00000000,328.68821009,31.09739740,241.09123774,454.78408114,798.28692850,27.63060372,801.75372218
84568,2011-10-10,18.00000000,79.71624881,9.78745665,152.99671446,374.96168458,1001.41604623,3.83298466,1007.37051821
84598,2011-10-10,6.00000000,35.66687131,5.62590016,34.06296262,223.23262615,703.30754075,5.16535330,703.76808761
84755,2011-10-10,48.00000000,204.68772964,68.44943953,196.65048128,385.28297351,498.67643427,60.54398951,506.58188429
84879,2011-10-10,412.00000000,777.44964857,284.90377326,727.82564141,1058.48253158,1567.46832130,267.92156114,1584.45053342
84946,2011-10-10,475.00000000,380.22254118,138.50791658,388.69212572,503.34101617,538.32014436,129.27159493,547.55646601
84970S,2011-10-10,266.00000000,229.33013476,82.20593920,179.25952705,320.25995732,424.85566281,79.49705334,427.56454867
84991,2011-10-10,73.00000000,367.24675612,153.84574368,397.22012889,547.58131093,708.35791935,143.92041492,718.28324811
84992,2011-10-10,33.00000000,183.83232649,56.91607391,186.00294271,252.26580252,325.59222359,51.41852243,331.08977507
85099B,2011-10-10,847.00000000,798.57997237,312.10191893,881.30522223,1400.83671359,1633.14056027,278.73946931,1666.50300989
85099C,2011-10-10,210.00000000,335.08450418,119.78207069,384.31337583,436.07804354,493.64829562,111.91651055,501.51385575
85099F,2011-10-10,151.00000000,320.34084499,164.27368966,387.29890136,577.96272218,900.06094676,150.33398788,914.00064853
85123A,2011-10-10,599.00000000,670.68169299,247.06955101,606.73973666,1080.96282545,1391.61559516,233.63028597,1405.05486019
15036,2011-10-17,122.00000000,163.34985638,57.04762413,188.46693670,792.45416944,963.95205110,51.63710513,969.36257011
16014,2011-10-17,20.00000000,16.04809830,0.00000000,2.49664638,306.97330393,1541.29406158,0.00000000,1552.37257067
17003,2011-10-17,204.00000000,153.29895226,31.80193533,272.90948095,830.01070893,1192.93592528,18.31190136,1206.42595925
20725,2011-10-17,146.00000000,227.38067964,132.19382966,226.41068666,361.00980882,506.84633354,124.34640129,514.69376191
20727,2011-10-17,138.00000000,152.64419220,102.95015696,164.91641422,269.89586293,304.24597065,95.11723401,312.07889360
21080,2011-10-17,156.00000000,99.85408967,48.02734268,133.16563756,299.33480095,372.60648561,43.77000400,376.86382429
21212,2011-10-17,143.00000000,431.05008137,221.00365971,486.18018149,928.42477086,1312.85589261,209.33042870,1324.52912362
21213,2011-10-17,336.00000000,189.40653151,98.50209658,259.41485617,434.79388382,890.74330912,88.47160358,900.77380213
21232,2011-10-17,139.00000000,207.40361266,112.73966645,247.25201364,291.60049941,578.84022682,107.47057522,584.10931804
21498,2011-10-17,100.00000000,155.51760220,70.15436602,175.37118914,286.37822003,405.33236550,65.53076567,409.95596585
21915,2011-10-17,487.00000000,135.44346387,45.94374672,138.65503689,418.84440997,1009.89081152,31.67042045,1024.16413779
21928,2011-10-17,173.00000000,156.79547266,49.86779348,171.57771838,342.17290664,351.15193890,43.90969514,357.11003724
21929,2011-10-17,84.00000000,119.58436578,45.17136351,184.26936993,302.82337296,324.80156622,39.61216402,330.36076571
21931,2011-10-17,140.00000000,209.67712846,133.74812459,223.53227064,418.09865891,437.50518234,124.72213143,446.53117550
21975,2011-10-17,103.00000000,61.47862915,37.57678313,74.83818419,329.49820911,440.67044122,30.67945931,447.56776505
21977,2011-10-17,112.00000000,287.14937353,162.74782843,370.40229110,738.89023640,1018.48943563,149.10186127,1032.13540279
21980,2011-10-17,84.00000000,89.48126752,20.72093179,70.60676859,128.90261728,260.75314461,16.75007502,264.72400139
21981,2011-10-17,20.00000000,36.74494800,2.29104309,17.87303968,151.51752589,341.43108405,0.90214980,342.81997734
21982,2011-10-17,41.00000000,79.29154952,26.89614788,105.00820521,298.26836919,525.45430429,24.58978724,527.76066493
21984,2011-10-17,2.00000000,39.78922876,15.87569724,51.89610532,95.14673365,115.99862932,13.85219214,118.02213441
21985,2011-10-17,49.00000000,103.22667763,45.69645333,111.10001051,161.04692906,345.78272222,40.39835128,351.08082427
22086,2011-10-17,698.00000000,283.81196517,115.28911145,511.88523936,980.05928665,1528.21026247,101.17171837,1542.32765555
22151,2011-10-17,170.00000000,200.53613101,54.92838767,167.18238693,357.89986271,528.97890804,50.13797507,533.76932065
22178,2011-10-17,199.00000000,330.87965538,143.09961230,434.59364736,677.96012150,935.79814748,130.01572989,948.88202989
22197,2011-10-17,613.00000000,652.88514639,168.76625268,584.03443307,1249.08781187,1714.98454679,145.59385561,1738.15694386
22355,2011-10-17,256.00000000,252.46516501,105.62705624,244.63233853,401.37584851,485.58334884,97.36622361,493.84418147
22386,2011-10-17,334.00000000,328.08002128,168.70904771,359.66781790,505.43865991,677.56506669,150.06233946,696.21177495
22411,2011-10-17,80.00000000,208.42825669,130.63944564,224.39164893,354.62852148,386.49293106,121.97608780,395.15628890
22423,2011-10-17,89.00000000,228.10513899,116.12232420,221.04539024,297.40125397,353.72785245,111.77432669,358.07584996
22469,2011-10-17,283.00000000,116.09461718,24.71054781,178.46115864,340.86963527,518.68188567,15.89850949,527.49392400
22492,2011-10-17,74.00000000,245.61168652,106.89063588,282.60115918,407.56334567,477.80750581,99.18826164,485.50988005
22616,2011-10-17,666.00000000,162.86827711,62.13397901,176.12074670,707.17253076,1272.97532011,52.98106349,1282.12823563
71459,2011-10-17,52.00000000,149.72205282,72.96935342,186.09295602,283.97163336,453.44187061,66.58334540,459.82787863
72741,2011-10-17,267.00000000,160.63008539,47.71457106,104.21486744,184.82207899,405.78979169,44.54151199,408.96285076
84077,2011-10-17,975.00000000,599.43526887,182.41622466,604.37998972,1084.73332778,2149.49153639,163.08050930,2168.82725176
84212,2011-10-17,0.00000000,34.13904248,8.62136499,30.16139688,207.08161307,362.38116452,4.79193599,366.21059352
84270,2011-10-17,0.00000000,0.64393957,0.00000735,0.63668837,49.63537209,129.70080108,0.00000000,129.72981191
84347,2011-10-17,400.00000000,383.29549688,75.10241357,207.61342486,525.83707591,894.24562438,69.99650824,899.35152971
84568,2011-10-17,24.00000000,78.80265886,5.83849449,61.40293518,361.02171221,989.64067261,0.00000000,995.66041896
84598,2011-10-17,16.00000000,33.66134191,1.69003672,38.83705347,150.30589925,730.71497615,1.20773174,731.19728112
84755,2011-10-17,196.00000000,87.96358807,56.97510158,116.77992832,238.23589556,456.95756408,49.63536266,464.29730300
84879,2011-10-17,732.00000000,531.35136873,265.81526574,615.03359606,996.11639202,1301.06567994,249.32623765,1317.55470803
84946,2011-10-17,412.00000000,329.55280312,158.35585338,376.97870117,560.80852226,575.68673507,149.35524469,584.68734377
84970S,2011-10-17,66.00000000,174.67781850,88.05264795,163.24792949,300.12992852,375.38077332,84.65475498,378.77866628
84991,2011-10-17,129.00000000,189.49594831,102.44513809,169.14360253,346.09314861,615.82522186,94.25683252,624.01352743
84992,2011-10-17,104.00000000,110.86969165,42.18088598,119.52399176,302.23885102,382.48093292,36.88641028,387.77540862
85099B,2011-10-17,725.00000000,686.81636468,305.30318816,794.65630192,1164.98740649,1756.05020749,272.40853810,1788.94485755
85099C,2011-10-17,200.00000000,260.62224585,118.19258077,307.39875909,392.52241292,490.05830452,109.97526438,498.27562091
85099F,2011-10-17,433.00000000,183.98667747,130.64807941,243.71170432,408.29261277,866.52313253,117.35024216,879.82096979
85123A,2011-10-17,152.00000000,589.47735503,286.25804116,567.95927184,1101.31278937,1360.86131674,271.60757416,1375.51178375
15036,2011-10-24,101.00000000,187.42670160,55.57106014,196.89255579,932.90322666,1027.82726768,49.93570724,1033.46262058
16014,2011-10-24,0.00000000,24.79820187,0.00000000,4.93681701,318.45963794,1160.10349556,0.00000000,1163.87852926
17003,2011-10-24,1684.00000000,185.45607215,20.71952867,263.83456497,840.72704612,1191.77499448,9.89849066,1202.59603249
20725,2011-10-24,234.00000000,210.93654983,121.37163234,214.46560820,361.80100156,493.48168376,114.01376166,500.83955445
20727,2011-10-24,132.00000000,149.18242838,95.62273670,153.51116908,221.60333959,245.08857356,88.67827028,252.03303998
21080,2011-10-24,88.00000000,157.95448002,59.96758425,155.59787885,295.11196007,396.26135544,55.81903617,400.40990352
21212,2011-10-24,449.00000000,324.01265390,173.18236345,426.70895926,662.78565953,1071.54570226,161.87176776,1082.85629795
21213,2011-10-24,361.00000000,217.36192918,102.01457765,273.96825643,482.97924958,938.91077007,91.34222012,949.58312759
21232,2011-10-24,137.00000000,197.50244255,117.50148269,172.00383366,240.87213197,468.97011400,112.09459004,474.37700665
21498,2011-10-24,325.00000000,139.25132899,70.43129470,190.85363010,292.36844734,392.22619889,65.80769434,396.84979924
21915,2011-10-24,217.00000000,163.26528926,48.06674507,158.00375457,406.92415603,1003.23891872,33.31111382,1017.99454997
21928,2011-10-24,125.00000000,181.48472246,48.24572886,152.76264972,358.34847302,367.16417004,42.83883621,372.57106269
21929,2011-10-24,67.00000000,131.24271352,41.83879120,158.82900964,290.32597249,308.96091344,36.26871266,314.53099198
21931,2011-10-24,342.00000000,200.42485811,111.67474370,212.12702550,303.28670772,336.63615397,103.43204283,344.87885484
21975,2011-10-24,38.00000000,122.39362338,45.46963608,114.99111609,328.76914532,539.99144160,38.53242237,546.92865531
21977,2011-10-24,97.00000000,296.26346926,144.11536514,332.84078721,678.79569649,943.21671238,133.06586688,954.26621064
21980,2011-10-24,110.00000000,90.34857959,21.17663598,71.60324620,172.94299591,307.16903574,16.91567094,311.43000078
21981,2011-10-24,53.00000000,28.84153168,0.72470933,17.35781339,164.39343236,327.51799902,0.00000000,328.88513418
21982,2011-10-24,107.00000000,101.44771751,27.59095518,63.47311972,158.43811596,461.82595672,25.54569197,463.87121994
21984,2011-10-24,38.00000000,13.65277011,6.31911521,15.90711902,103.76011821,126.74781146,4.48418048,128.58274619
21985,2011-10-24,55.00000000,81.13393260,28.18456168,70.21913764,151.68519596,337.21697220,23.25634765,342.14518622
22086,2011-10-24,752.00000000,348.77859492,113.57847148,509.12679895,1002.46681046,1562.77750215,97.03142174,1579.32455189
22151,2011-10-24,173.00000000,188.14303959,54.80375342,169.20150156,371.16511032,543.04349163,49.57092573,548.27631932
22178,2011-10-24,1240.00000000,358.85775026,137.70473557,413.49836129,731.47597290,786.59413723,125.33524474,798.96362806
22197,2011-10-24,2771.00000000,656.31696396,167.52398406,584.07256033,1355.66712664,2505.94519445,144.97169338,2528.49748512
22355,2011-10-24,535.00000000,252.46516501,101.41486047,240.17842470,403.58792590,433.84457315,93.77050788,441.48892573
22386,2011-10-24,443.00000000,343.76095350,132.27203573,319.50895360,546.49983556,818.27484964,114.62257462,835.92431076
22411,2011-10-24,156.00000000,168.00439485,101.08653194,187.41459551,293.45020455,327.10663843,93.19196098,335.00120939
22423,2011-10-24,121.00000000,203.69688009,108.18086063,199.30169449,314.54492403,340.70793988,104.04681796,344.84198255
22469,2011-10-24,369.00000000,169.35646177,28.60575737,226.27323525,468.70264324,558.27676856,19.19174441,567.69078152
22492,2011-10-24,612.00000000,210.07446602,86.83895078,247.22130034,272.95055667,458.02968244,79.65151870,465.21711452
22616,2011-10-24,173.00000000,302.75591170,75.18737987,234.17426957,850.19268161,1277.70984848,65.11699698,1287.78023137
71459,2011-10-24,96.00000000,92.91962666,56.51907882,139.96543737,234.98029532,458.29097457,50.37966281,464.43039057
72741,2011-10-24,54.00000000,117.27189755,46.01269625,98.94069776,280.17184046,522.86663731,41.90403805,526.97529551
84077,2011-10-24,5328.00000000,633.96587241,179.08528582,581.95016360,1353.12078364,2474.85724755,159.69517516,2494.24735822
84212,2011-10-24,54.00000000,27.18130117,0.00000000,28.08880166,195.61677517,332.92436854,0.00000000,336.66676507
84270,2011-10-24,0.00000000,0.52713469,0.00000735,0.63668837,67.88611838,128.76816551,0.00000000,128.79717633
84347,2011-10-24,669.00000000,233.16077280,76.45768164,214.74296510,504.10867910,654.55038134,69.96650938,661.04155361
84568,2011-10-24,0.00000000,40.91263583,0.00000000,53.41825978,289.98597296,868.86626584,0.00000000,874.97304467
84598,2011-10-24,0.00000000,13.93895051,0.00000000,28.32882765,152.81233432,785.33454121,0.00000000,785.87486784
84755,2011-10-24,112.00000000,134.78234926,68.46222340,138.12108103,326.31777573,370.24680946,62.09434715,376.61468571
84879,2011-10-24,745.00000000,553.73018675,259.22756346,600.49986330,1050.64473026,1380.53879228,243.02139092,1396.74496482
84946,2011-10-24,216.00000000,349.43076915,153.91352928,382.62624882,562.97001751,625.42954996,144.37622032,634.96685893
84970S,2011-10-24,76.00000000,132.86031417,81.35606205,124.66416931,255.23474318,394.22481842,77.90377379,397.67710668
84991,2011-10-24,341.00000000,200.07055544,102.90714375,177.98555934,347.40393074,726.99687905,94.63180570,735.27221709
84992,2011-10-24,275.00000000,156.31687013,45.23872089,172.72928175,322.73696048,483.09945310,39.67589505,488.66227894
85099B,2011-10-24,590.00000000,713.74634423,305.30318816,795.92377640,1198.75118307,1780.26211320,274.70401969,1810.86128167
85099C,2011-10-24,391.00000000,245.19608194,88.46715397,303.82411881,388.46272581,503.13190899,79.99599285,511.60307011
85099F,2011-10-24,30.00000000,208.80592783,152.35138163,251.74852402,527.11812440,891.86554641,140.60924991,903.60767813
85123A,2011-10-24,369.00000000,417.83409797,234.18281279,480.56122209,1008.66226305,1358.58743882,221.74804760,1371.02220401
15036,2011-10-31,83.00000000,161.05824517,50.69114038,167.34988818,800.03640854,824.92085134,45.25886326,830.35312846
16014,2011-10-31,3021.00000000,10.39461584,0.00000000,0.00000000,298.73224336,772.56080027,0.00000000,776.33583397
17003,2011-10-31,100.00000000,299.56142022,44.20806851,368.07054576,1164.39396390,1517.21449582,28.33552047,1533.08704386
20725,2011-10-31,223.00000000,261.54847456,124.55064676,260.45210702,403.59432049,494.53571031,117.03684289,502.04951418
20727,2011-10-31,108.00000000,181.88592570,94.61297072,179.76973242,240.46935105,273.80902163,87.86795373,280.55403862
21080,2011-10-31,98.00000000,164.06260693,65.64087133,175.97093251,324.94865838,423.02217881,61.65913550,427.00391465
21212,2011-10-31,777.00000000,437.17837764,241.35800517,512.42491366,784.56833138,1233.06513398,229.90598170,1244.51715744
21213,2011-10-31,131.00000000,236.42716792,111.57988439,305.89674463,477.76043856,917.09928238,100.30555223,928.37361454
21232,2011-10-31,201.00000000,189.99508724,112.68415003,170.85700862,251.58851032,437.36691328,107.04879713,443.00226618
21498,2011-10-31,325.00000000,148.04444936,70.99482357,179.14901930,268.81425543,387.58981986,65.37397608,393.21066735
21915,2011-10-31,2640.00000000,147.80210493,43.07856307,191.29631101,728.62526466,1697.25418800,30.75984118,1709.57290988
21928,2011-10-31,207.00000000,210.32055527,54.72455336,193.04180228,327.61706612,379.11063285,49.53524190,384.29994430
21929,2011-10-31,69.00000000,119.53582454,37.28625151,158.01042538,290.12200659,316.17769636,32.22386242,321.24008545
21931,2011-10-31,245.00000000,228.87020211,115.63986379,234.41918485,397.98010989,430.04675808,107.25210880,438.43451307
21975,2011-10-31,102.00000000,140.76677583,39.16902116,104.27498977,378.67663536,431.80126383,32.29708181,438.67320318
21977,2011-10-31,61.00000000,292.92695425,143.60114001,333.64327883,627.58462564,925.38207142,132.93603519,936.04717624
21980,2011-10-31,112.00000000,89.34059672,25.67220718,96.16366740,203.00564818,379.94118848,21.22992449,384.38347118
21981,2011-10-31,96.00000000,59.28171863,0.00000000,46.70258293,162.48810132,239.21923114,0.00000000,240.66977243
21982,2011-10-31,613.00000000,90.67494140,27.05813581,102.32968898,219.41852949,461.82595672,24.72639069,464.15770184
21984,2011-10-31,51.00000000,28.85971518,0.00000000,34.34282918,130.73468803,289.92661771,0.00000000,291.75792609
21985,2011-10-31,135.00000000,105.67788477,24.33727516,97.65080602,202.26951745,345.16917796,19.52510444,349.98134868
22086,2011-10-31,1717.00000000,430.23905235,122.54699216,536.67174975,1108.46425927,1567.61608140,103.96555826,1586.19751530
22151,2011-10-31,155.00000000,218.69695592,68.49353529,191.11745105,428.78676222,524.04110410,63.01774192,529.51689746
22178,2011-10-31,353.00000000,465.28072789,171.37050984,539.13175747,868.65033619,1028.85328317,156.29213316,1043.93165986
22197,2011-10-31,1029.00000000,573.71145107,164.04972408,554.85399722,1226.30680145,2171.95270023,134.87208608,2201.13033823
22355,2011-10-31,274.00000000,324.24119793,148.94488633,291.11242004,455.55955190,501.06354965,140.27064943,509.73778655
22386,2011-10-31,292.00000000,453.60089226,179.37385118,397.84188951,647.46586793,831.74833012,160.98098766,850.14119365
22411,2011-10-31,91.00000000,201.18561804,105.76582041,211.10107016,296.12398373,498.42588002,97.86399675,506.32770369
22423,2011-10-31,236.00000000,225.02827057,100.89609095,220.07757470,281.83939923,380.88937008,96.64600497,385.13945605
22469,2011-10-31,1006.00000000,198.02768788,42.63735121,262.12998037,521.71948035,603.68647712,32.35663983,613.96718849
22492,2011-10-31,118.00000000,283.20319032,134.71026103,303.14098067,418.96675317,519.46897924,125.70965234,528.46958793
22616,2011-10-31,702.00000000,315.30817481,81.41936244,254.97420192,942.47151267,1139.34653138,72.48040175,1148.28549207
71459,2011-10-31,100.00000000,172.02025848,61.82305639,208.58446756,278.29046697,543.20005327,55.69814581,549.32496385
72741,2011-10-31,24.00000000,84.20355918,34.13339083,68.83008873,170.24007133,445.02424794,30.09363334,449.06400543
84077,2011-10-31,974.00000000,622.92566301,180.04123653,654.56478255,1608.85106427,2685.09597712,142.20749339,2722.92972026
84212,2011-10-31,0.00000000,31.47218274,0.00000000,54.92241711,209.33325366,497.53793462,0.00000000,501.47615421
84270,2011-10-31,0.00000000,0.27141891,0.00000735,0.63668837,28.07138185,59.94335885,0.00000000,59.97236968
84347,2011-10-31,319.00000000,392.42700871,90.46735030,295.75772457,768.96687559,829.95416091,81.56465315,838.85685807
84568,2011-10-31,30.00000000,64.64795099,1.61866735,65.66611115,204.69316608,929.19755473,1.06746166,929.74876042
84598,2011-10-31,32.00000000,19.27924314,0.00000000,23.65944934,185.80822305,712.45365281,0.00000000,712.84167261
84755,2011-10-31,108.00000000,161.24983089,70.33656961,160.41850160,313.25723530,379.65134479,64.54890987,385.43900453
84879,2011-10-31,912.00000000,641.91594082,263.59381601,631.69332337,1023.68696411,1436.52500546,245.41128097,1454.70754050
84946,2011-10-31,823.00000000,357.67085946,125.05979530,364.83418401,586.43863762,587.25208505,115.40644303,596.90543732
84970S,2011-10-31,93.00000000,188.56776351,90.28597058,158.41324837,292.07622343,327.06996769,86.98961551,330.36632277
84991,2011-10-31,215.00000000,244.98602267,115.74475140,210.31853045,417.29416778,675.97118212,106.64985753,685.06607599
84992,2011-10-31,42.00000000,177.85327713,55.13753123,178.92552298,343.04384577,407.76271266,49.18668560,413.71355829
85099B,2011-10-31,823.00000000,876.34090841,305.05347716,797.82113471,1605.82795716,3114.73344712,274.76980143,3145.01712285
85099C,2011-10-31,80.00000000,241.05000653,88.22897558,316.94868328,415.11900375,532.34949111,79.29726760,541.28119909
85099F,2011-10-31,193.00000000,211.44078716,102.19258071,189.23225074,431.05520108,1067.78329935,91.34978459,1078.62609547
85123A,2011-10-31,1689.00000000,559.33402443,241.01559652,498.29577378,1003.50233717,1367.73196690,228.67149017,1380.07607326
15036,2011-11-07,107.00000000,132.28094559,42.99594329,171.43640840,705.39080946,912.53029269,37.82476360,917.70147238
16014,2011-11-07,10.00000000,5.32683363,0.00000000,49.20515197,206.99732923,1368.82339683,0.00000000,1379.92729039
17003,2011-11-07,109.00000000,284.90431211,27.14870553,353.86006986,1071.85114256,1302.67326322,11.56626575,1318.25570300
20725,2011-11-07,526.00000000,279.74456549,129.08784729,280.75363672,435.29547996,544.65119391,121.86415167,551.87488953
20727,2011-11-07,244.00000000,193.49551669,93.02915933,186.82623614,254.52102679,301.36454129,86.71567837,307.67802224
21080,2011-11-07,195.00000000,168.73281119,58.56960125,195.42840071,331.82025556,335.09110762,54.90698450,338.75372437
21212,2011-11-07,326.00000000,557.24050685,269.21397246,594.56239466,1044.24208360,1345.13008556,256.22074888,1358.12330915
21213,2011-11-07,111.00000000,216.58397579,98.57619019,318.64929511,409.57103663,854.32656332,89.63722950,863.26552400
21232,2011-11-07,134.00000000,254.48447613,112.34289223,289.17796891,334.07177182,612.52231701,107.01940570,617.84580353
21498,2011-11-07,200.00000000,197.50248912,79.13228046,257.54935506,383.63381675,440.81897397,73.33011531,446.62113912
21915,2011-11-07,661.00000000,160.32644790,40.69712511,208.86638458,585.03969982,1248.09454108,19.27625665,1269.51540954
21928,2011-11-07,313.00000000,230.97021081,52.85296784,210.23220275,416.72746933,483.64127275,47.36992177,489.12431882
21929,2011-11-07,407.00000000,157.75932138,37.13484640,181.37610202,319.15633745,350.86311996,32.34443380,355.65353257
21931,2011-11-07,504.00000000,271.30934565,122.30014705,284.23496596,486.26084021,541.01356932,114.02480900,549.28890737
21975,2011-11-07,125.00000000,154.36562857,47.87357672,134.22760507,380.19788526,386.89538391,42.02064262,392.74831801
21977,2011-11-07,152.00000000,188.35791609,92.54272097,231.19190924,526.46236004,1012.83190329,83.54211228,1021.83251198
21980,2011-11-07,46.00000000,101.84465753,25.40469682,123.66299470,204.74365369,313.42579476,21.34680756,317.48368401
21981,2011-11-07,45.00000000,61.70684044,12.47467708,87.23079672,172.38186791,218.87452836,11.16556357,220.18364188
21982,2011-11-07,71.00000000,118.19013787,36.45044559,143.70403154,353.33544904,511.40459635,32.57024764,515.28479430
21984,2011-11-07,24.00000000,39.02601293,0.00000000,62.71320813,161.17831746,190.97056378,0.00000000,192.71846603
21985,2011-11-07,29.00000000,124.06409666,42.11122897,167.44152213,195.74301339,406.99704645,37.16488318,411.94339224
22086,2011-11-07,1273.00000000,507.97017875,123.60109703,610.75323233,1352.71829443,1565.72489582,100.58825950,1588.73773335
22151,2011-11-07,60.00000000,209.10605746,65.12745597,210.86012292,375.49698290,604.72228491,61.18198367,608.66775722
22178,2011-11-07,192.00000000,512.16401455,142.67866190,531.74413680,926.44571737,1028.88170946,127.11072753,1044.44964383
22197,2011-11-07,3828.00000000,921.56937730,166.22850337,629.06159645,1442.36294810,2375.28738058,134.56681341,2406.94907054
22355,2011-11-07,320.00000000,338.74317771,136.89036832,313.88735289,510.35719708,515.95906013,128.05294553,524.79648292
22386,2011-11-07,516.00000000,418.99724484,129.00858020,392.31538084,639.15394277,964.65996394,111.79428147,981.87426267
22411,2011-11-07,617.00000000,237.06564246,107.56551551,248.86953592,305.29132524,436.35210570,100.36357801,443.55404319
22423,2011-11-07,157.00000000,274.15884969,113.88574984,266.44099105,391.91479578,465.57955766,109.16061160,470.30469591
22469,2011-11-07,267.00000000,254.67766651,74.31319736,300.73936665,591.52040221,633.08889857,61.24382035,646.15827557
22492,2011-11-07,392.00000000,230.67966606,74.04242216,317.63863686,389.43689781,462.15566940,64.91851747,471.27957410
22616,2011-11-07,254.00000000,375.80005468,77.04491261,283.14505584,939.40572081,1399.90566308,65.83585481,1411.11472088
71459,2011-11-07,232.00000000,201.66451396,72.82130284,205.57741047,346.73940101,528.33949439,67.21858711,533.94221012
72741,2011-11-07,111.00000000,71.24447496,15.29269720,71.41322674,164.94574710,475.16631885,11.49227902,478.96673702
84077,2011-11-07,1119.00000000,884.81695564,182.70681791,680.42094766,1601.20692895,2857.24612677,142.55946142,2897.39348326
84212,2011-11-07,53.00000000,31.95932673,0.90662137,45.50872114,286.26993490,403.82584921,0.00000000,405.93638678
84270,2011-11-07,0.00000000,0.36158305,0.00000000,0.00000735,33.07867419,60.86688015,0.00000000,60.89589097
84347,2011-11-07,582.00000000,331.06932152,65.55205814,296.66301903,913.39847390,1084.71748330,55.63035574,1094.63918571
84568,2011-11-07,43.00000000,143.18958047,2.89493489,122.57026305,326.92598023,991.48209520,2.39812450,991.97890559
84598,2011-11-07,24.00000000,35.85540642,1.49920615,57.20038497,225.68704400,825.15030042,1.07129647,825.57821010
84755,2011-11-07,308.00000000,133.87589282,67.59082886,159.63109643,258.13328623,331.67932468,62.44140729,336.82874625
84879,2011-11-07,1732.00000000,741.12068976,281.64915817,704.60371232,1120.14105087,1590.65616670,261.55190863,1610.75341624
84946,2011-11-07,1043.00000000,454.96584727,165.38771526,423.91052075,743.91675989,973.00940222,153.64558354,984.75153394
84970S,2011-11-07,54.00000000,201.73683042,92.61108313,196.42157763,326.62961447,450.62350851,89.28571723,453.94887441
84991,2011-11-07,190.00000000,242.17819908,117.24518260,225.78815307,411.19991485,653.16075087,109.36149071,661.04444277
84992,2011-11-07,135.00000000,163.95230615,38.98792901,157.91816517,363.36702093,366.53949683,33.20026927,372.32715656
85099B,2011-11-07,2159.00000000,749.45434808,305.09926355,767.46333216,1384.70741165,1924.37411628,273.77482444,1955.69855539
85099C,2011-11-07,353.00000000,288.69496154,85.00189917,334.37685026,453.62538563,465.81826277,77.37205200,473.44810995
85099F,2011-11-07,301.00000000,196.72399719,74.36769583,229.59597148,547.83951165,1005.93350604,63.51039429,1016.79080758
85123A,2011-11-07,524.00000000,770.18841526,317.65578251,719.89843621,1336.05273243,1762.00705970,300.66269133,1779.00015088
15036,2011-11-14,104.00000000,151.82982281,43.60350295,168.78116065,745.97509614,787.34049881,38.23287383,792.71112792
16014,2011-11-14,0.00000000,0.58109523,0.00000000,0.00000000,181.81529685,560.21733669,0.00000000,571.35749378
17003,2011-11-14,315.00000000,318.65239874,26.05892107,347.68893645,1149.00894551,1319.12516315,10.47648129,1334.70760293
20725,2011-11-14,448.00000000,310.23179641,146.93680411,288.02597008,494.66980758,506.67511342,138.88992632,514.72199122
20727,2011-11-14,364.00000000,162.55298498,91.30064106,177.76829533,270.67406147,315.55027237,85.19748859,321.65342484
21080,2011-11-14,156.00000000,182.07807701,68.42798954,199.26142492,334.12300784,384.32383911,64.66746125,388.08436740
21212,2011-11-14,396.00000000,533.15855434,226.71045465,625.32170948,1038.20744757,1267.00824661,215.91117477,1277.80752650
21213,2011-11-14,163.00000000,256.59789361,95.47995768,312.73214819,404.02563507,767.64788680,89.27526732,773.85257716
21232,2011-11-14,732.00000000,216.85641299,110.71882660,201.87801482,241.97772607,479.66506676,105.39171372,484.99217964
21498,2011-11-14,250.00000000,190.56459999,74.02431144,251.02047229,354.14870007,395.83157176,67.95016980,401.90571341
21915,2011-11-14,351.00000000,278.89285888,43.96464681,267.85303666,648.49752864,962.75448749,20.95543563,985.76369867
21928,2011-11-14,99.00000000,244.39049106,59.61447318,232.03122253,383.29573797,387.81222862,53.72890190,393.69779989
21929,2011-11-14,81.00000000,189.64461319,81.53519513,193.51009754,339.65274150,370.88390813,75.55171231,376.86739094
21931,2011-11-14,149.00000000,280.52215126,142.88449440,295.13087754,447.21027070,504.26183746,133.97817089,513.16816096
21975,2011-11-14,149.00000000,159.93148109,59.84749310,142.27453170,358.81868114,518.86617136,56.43872108,522.27494339
21977,2011-11-14,127.00000000,277.91530617,109.80883394,269.58873831,720.83808503,842.29055926,102.86074117,849.23865203
21980,2011-11-14,50.00000000,87.88717457,12.09956478,93.29916349,132.32266358,378.91771414,8.19760872,382.81967021
21981,2011-11-14,34.00000000,52.80248517,4.33321406,63.50497631,156.75295549,175.37493093,3.04585867,176.66228632
21982,2011-11-14,166.00000000,109.31477262,37.42164326,143.51184511,202.45308885,453.02311436,33.61759874,456.82715889
21984,2011-11-14,12.00000000,42.88718457,0.00000000,53.87076011,109.49043056,129.72936107,0.00000000,131.23792401
21985,2011-11-14,128.00000000,101.45481104,26.28992298,106.49112032,189.10944419,346.73379834,23.47224653,349.55147480
22086,2011-11-14,2147.00000000,544.89886436,123.60109703,627.97294340,1287.43939150,1520.29931036,97.70893504,1546.19147235
22151,2011-11-14,124.00000000,178.00476107,44.35073586,178.57187262,346.09233937,538.15997746,40.94559019,541.56512313
22178,2011-11-14,449.00000000,459.58332849,140.43709188,489.27447242,795.96630620,833.24516478,125.05047517,848.63178149
22197,2011-11-14,3118.00000000,686.32947927,163.17854338,629.06159645,1481.89380774,1544.03485836,119.61516216,1587.59823958
22355,2011-11-14,430.00000000,338.92496730,137.56809237,310.31738859,469.31659316,473.55673539,129.09693125,482.02789651
22386,2011-11-14,471.00000000,450.15739553,166.54749681,409.65167642,684.28037899,705.73945966,149.19539665,723.09155981
22411,2011-11-14,280.00000000,222.10036056,125.21377999,262.89765462,319.16449107,393.70525074,116.98921089,401.92981984
22423,2011-11-14,147.00000000,274.15884969,116.12232420,284.10211552,367.29230436,440.92079999,111.54224009,445.50088411
22469,2011-11-14,349.00000000,265.30630203,55.19979266,323.16435172,530.95776076,617.55666812,42.46404015,630.29242063
22492,2011-11-14,535.00000000,286.94554966,102.04511651,313.05518327,469.27102108,552.93036212,92.67824614,562.29723248
22616,2011-11-14,1205.00000000,388.50613384,96.02540322,303.35112247,1132.57588808,1422.08276380,84.62052235,1433.48764467
71459,2011-11-14,360.00000000,194.21559026,70.26637164,210.75282678,404.45851473,440.21929418,66.01265931,444.47300651
72741,2011-11-14,179.00000000,111.38590181,31.54145381,129.79195189,237.22630186,395.36531411,28.36476839,398.54199953
84077,2011-11-14,834.00000000,1028.67932623,178.53554685,674.99218601,1610.49314459,2126.13142407,137.81160020,2166.85537072
84212,2011-11-14,2.00000000,39.12546094,0.00000000,71.39111106,235.69279681,507.41878718,0.00000000,509.72152147
84270,2011-11-14,0.00000000,0.42128280,0.00000000,0.00000735,24.82531514,48.49303934,0.00000000,48.52205017
84347,2011-11-14,735.00000000,417.92363423,101.79417279,301.96892714,986.48818701,1235.06328695,90.82808065,1246.02937908
84568,2011-11-14,319.00000000,166.50761411,5.14843732,143.48829063,344.31056991,855.28789195,4.61173704,855.82459223
84598,2011-11-14,26.00000000,55.96192256,0.56825332,35.08437660,313.78889892,619.17471335,0.09682740,619.64613926
84755,2011-11-14,144.00000000,188.59908762,74.90586614,172.43870126,375.28141457,463.31141519,70.06105824,468.15622309
84879,2011-11-14,1086.00000000,808.36888678,282.23076018,766.30556835,1125.28490510,1341.24205181,258.53616825,1364.93664374
84946,2011-11-14,809.00000000,528.30481164,173.91547271,507.13862173,741.85949910,996.85782298,158.80808520,1011.96521049
84970S,2011-11-14,84.00000000,162.72332392,77.41859946,153.57835766,348.11731580,433.26366806,74.20565050,436.47661701
84991,2011-11-14,283.00000000,267.05557136,108.26854307,290.08477293,465.13811393,522.60391671,102.35396097,528.51849881
84992,2011-11-14,64.00000000,151.95462186,53.80874414,189.37657532,378.73713375,516.00644970,49.90678807,519.90840576
85099B,2011-11-14,1562.00000000,996.14773342,308.18663722,814.44505012,1399.48765799,1468.74924378,271.72002924,1505.21585175
85099C,2011-11-14,620.00000000,252.24644799,87.54796163,336.24896410,399.55355641,425.46681858,79.03328427,433.98149594
85099F,2011-11-14,196.00000000,220.77243391,90.60416312,297.74080102,539.15635703,818.25347513,79.75048793,829.10715031
85123A,2011-11-14,1172.00000000,759.59678435,315.99394481,758.14033691,1295.44261585,1586.70194900,299.48315860,1603.21273520
15036,2011-11-21,237.00000000,184.86765942,49.01741704,147.28837335,822.56260216,971.60358865,43.60689804,977.01410765
16014,2011-11-21,514.00000000,2.58245131,0.00000000,0.00000000,213.11666125,576.74435201,0.00000000,587.88450910
17003,2011-11-21,474.00000000,242.42286622,31.09299551,330.39195857,1507.77365334,2083.11724385,17.47603917,2096.73420019
20725,2011-11-21,256.00000000,287.10921307,173.49115697,249.76248630,489.78719933,519.90587190,164.58483347,528.81219541
20727,2011-11-21,248.00000000,149.31735201,98.70399099,157.83353741,239.68856205,304.75229163,92.41226815,311.04401447
21080,2011-11-21,246.00000000,154.77988956,69.58508620,180.18929874,301.01518091,339.36251748,66.02038098,342.92722270
21212,2011-11-21,269.00000000,479.06514517,235.08177792,587.46940505,1051.34117460,1253.71840456,224.31150886,1264.48867362
21213,2011-11-21,64.00000000,210.19448197,95.16177616,272.61008112,371.50759763,813.19452303,89.27620489,819.08009430
21232,2011-11-21,165.00000000,232.74470073,178.38386243,314.62310168,339.19097014,609.81942119,171.15291411,617.05036951
21498,2011-11-21,225.00000000,171.48148348,75.48836892,248.09328327,356.62073255,410.18314426,69.14225079,416.52926239
21915,2011-11-21,22.00000000,165.48399751,45.79122710,221.70367836,628.51534295,1002.44270729,22.22355753,1026.01037687
21928,2011-11-21,71.00000000,167.05684913,50.38099420,171.28049930,308.13045026,329.22107644,44.93783801,334.66423263
21929,2011-11-21,53.00000000,138.63653027,46.47133225,156.37130261,279.36721998,311.68046037,41.56850269,316.58328993
21931,2011-11-21,209.00000000,245.43950819,139.43183663,256.21596314,341.89463129,380.58642255,130.99331269,389.02494649
21975,2011-11-21,236.00000000,143.79177167,52.76899585,102.99781738,248.98659164,451.23665464,49.94406669,454.06158380
21977,2011-11-21,365.00000000,253.45797440,109.84677853,241.79481845,651.45065577,837.38401680,103.62033006,843.61046528
21980,2011-11-21,43.00000000,90.39508421,5.19283735,85.84530918,167.31833390,398.30418798,1.33802388,402.15900145
21981,2011-11-21,29.00000000,30.38334519,0.92106490,31.31443793,147.82882586,152.51908397,0.00000000,153.65413253
21982,2011-11-21,96.00000000,144.65662868,43.74154049,117.84631164,378.53183387,518.07405325,39.56035523,522.25523852
21984,2011-11-21,55.00000000,34.34992919,0.00000000,14.62202353,125.58362412,146.43456545,0.00000000,147.76181073
21985,2011-11-21,88.00000000,139.44418413,39.62943174,122.54389999,192.15396330,338.08558459,36.71747010,340.99754623
22086,2011-11-21,1659.00000000,515.62458419,118.46280451,625.93211142,1359.86264043,1468.10974565,86.90265244,1499.66989771
22151,2011-11-21,262.00000000,170.61465427,60.29549433,178.58029277,315.97593750,535.63679303,56.94837031,538.98391705
22178,2011-11-21,342.00000000,454.46428334,166.69515328,521.43977342,871.85687878,1073.99696374,151.19974598,1089.49237105
22197,2011-11-21,2855.00000000,673.43798134,162.43169024,629.54722277,1567.70896444,2737.55127813,109.59935019,2790.38361819
22355,2011-11-21,661.00000000,347.29312794,149.56579836,316.97340336,540.46505310,546.73207472,140.24969694,556.04817614
22386,2011-11-21,253.00000000,323.05349859,166.30296366,376.85410035,555.15513741,625.28634767,149.41503671,642.17427461
22411,2011-11-21,355.00000000,234.69045036,122.68131468,241.80051848,318.23782024,369.25477167,114.97168773,376.96439862
22423,2011-11-21,184.00000000,263.60836569,110.84311852,263.78717982,318.75829257,438.95577500,106.09259581,443.70629771
22469,2011-11-21,213.00000000,284.91653547,52.43553983,292.21462894,594.72481952,622.15307931,42.12944398,632.45917516
22492,2011-11-21,366.00000000,314.08452183,147.28750636,358.16853181,477.83600477,570.14245271,136.66954413,580.76041494
22616,2011-11-21,64.00000000,419.86889487,92.12325623,299.57630198,927.56172767,1266.55875313,77.31685603,1281.36515333
71459,2011-11-21,60.00000000,159.45269235,82.78306292,196.96690799,427.62412266,526.05832814,77.65902582,531.18236524
72741,2011-11-21,276.00000000,120.85585015,41.39041886,111.11606378,277.62938947,496.57805541,37.73868116,500.22979310
84077,2011-11-21,867.00000000,1055.61908971,179.86491573,689.15367568,1893.24897823,3643.93599476,138.07119488,3685.72971562
84212,2011-11-21,30.00000000,38.62997425,1.96799568,40.65056240,221.25176119,434.51566009,0.00000000,436.73861461
84270,2011-11-21,0.00000000,0.19585485,0.00000000,0.00000735,24.82531514,35.23093327,0.00000000,35.25994410
84347,2011-11-21,1144.00000000,424.89051787,100.71961334,303.70246355,950.84345366,1199.87045135,88.41902322,1212.17104147
84568,2011-11-21,362.00000000,66.07613046,10.22018207,140.92267498,593.71671512,932.02921169,8.61370759,933.63568616
84598,2011-11-21,21.00000000,31.56194902,0.00000000,15.51030871,258.60167432,703.80784103,0.00000000,704.30102507
84755,2011-11-21,348.00000000,128.29239948,73.76734935,156.14555200,251.82766570,408.61056997,69.22715512,413.15076420
84879,2011-11-21,946.00000000,706.17019421,283.36725938,757.54388142,1061.05412189,1386.62916124,258.04443485,1411.95198577
84946,2011-11-21,541.00000000,549.96156204,174.53956918,507.28975887,793.13137415,991.79332104,158.22823240,1008.10465782
84970S,2011-11-21,203.00000000,192.12181046,80.56479390,172.56578223,322.76124097,478.19037537,77.36997671,481.38519256
84991,2011-11-21,333.00000000,248.70819701,104.97844704,259.08308171,370.51056653,547.15331800,99.14727106,552.98449398
84992,2011-11-21,55.00000000,157.14353666,41.31236362,170.60072662,343.90102080,507.48881474,37.96161325,510.83956511
85099B,2011-11-21,727.00000000,936.20430735,307.06899688,825.29577348,1484.17918617,1521.30198272,269.96777710,1558.40320251
85099C,2011-11-21,203.00000000,280.74381990,130.13930057,352.92511377,415.77047883,464.47227542,120.97187963,473.63969635
85099F,2011-11-21,42.00000000,145.49927295,79.97873385,188.12434565,461.72577697,827.98080749,70.26010722,837.69943411
85123A,2011-11-21,557.00000000,701.70160242,309.70677493,699.27722489,1357.40369851,1574.54577142,291.33929588,1592.91325048
15036,2011-11-28,143.00000000,140.10172039,45.78511340,129.82875825,636.03853943,782.33775912,39.62393928,788.49893324
16014,2011-11-28,11.00000000,5.83763924,0.00000000,52.56342278,178.82782598,1204.41453039,0.00000000,1217.41500668
17003,2011-11-28,130.00000000,212.99941184,33.66584444,256.67344100,864.63146623,1165.28885331,21.57558281,1177.37911495
20725,2011-11-28,321.00000000,273.70057268,162.01868473,234.91840571,422.41830410,491.31150626,153.01082333,500.31936766
20727,2011-11-28,281.00000000,162.65503436,98.04582755,167.98631100,261.31507424,317.71363991,91.59817153,324.16129593
21080,2011-11-28,106.00000000,137.05183872,69.58508620,174.32693943,303.10612753,379.42597058,65.67587743,383.33517935
21212,2011-11-28,426.00000000,456.43230992,223.80365791,522.84464565,936.52213561,1110.09517411,213.18569568,1120.71313634
21213,2011-11-28,186.00000000,151.16259489,72.58925855,172.31463723,241.34846855,678.41020767,67.17511320,683.82435303
21232,2011-11-28,379.00000000,223.20620740,149.82120961,289.61529869,344.82444100,530.13218709,142.76795260,537.18544411
21498,2011-11-28,250.00000000,168.20820016,73.62172246,223.52554334,325.63994683,380.90676703,67.45692199,387.07156751
21915,2011-11-28,1120.00000000,161.28706515,32.57808578,144.06537286,831.48454203,1395.06950625,9.62689626,1418.02069578
21928,2011-11-28,215.00000000,191.23346468,47.07800330,152.93387425,261.46043364,339.63114197,42.64297331,344.06617195
21929,2011-11-28,107.00000000,112.85024790,33.88045913,134.16182206,209.42444299,296.35395021,29.19158442,301.04282492
21931,2011-11-28,257.00000000,235.59975067,116.92419936,232.28423034,374.73742900,406.12160158,108.67061943,414.37518151
21975,2011-11-28,100.00000000,126.94225027,55.15257379,95.23164600,220.88700106,427.16134674,51.96500931,430.34891122
21977,2011-11-28,239.00000000,247.11338910,119.85519652,200.95983844,541.31122091,709.39843068,112.99050988,716.26311733
21980,2011-11-28,30.00000000,84.94172902,6.67499730,58.63239537,99.69825962,433.63552281,2.92897443,437.38154568
21981,2011-11-28,13.00000000,41.04471401,2.11342087,33.07676774,140.14752362,218.56420157,1.03276761,219.64485483
21982,2011-11-28,27.00000000,112.90724628,47.19068689,104.79930813,287.29019898,369.96313812,42.78829408,374.36553093
21984,2011-11-28,14.00000000,34.00600810,0.00000000,25.71110001,126.98166547,130.38445930,0.00000000,131.62829845
21985,2011-11-28,105.00000000,150.25721005,43.64327114,111.24896527,174.93555981,338.82646022,40.81471563,341.65501573
22086,2011-11-28,1516.00000000,611.31096139,122.68744851,594.03395260,1440.37040103,1552.41002034,86.36952102,1588.72794783
22151,2011-11-28,239.00000000,168.65069524,61.09606468,170.55633830,332.58580131,514.31606760,57.19773496,518.21439731
22178,2011-11-28,749.00000000,401.69294361,136.27333619,406.14358980,619.69561570,635.15476273,119.84232976,651.58576917
22197,2011-11-28,3159.00000000,609.70916864,162.59078073,596.43018520,1127.58363656,1197.93691917,105.43582764,1255.09187226
22355,2011-11-28,692.00000000,366.07001480,156.41483910,319.24371152,572.15378178,591.64411614,145.31819825,602.74075699
22386,2011-11-28,416.00000000,326.93729789,124.89737741,305.89196745,530.99532379,537.87717798,109.50350799,553.27104740
22411,2011-11-28,340.00000000,220.85475778,133.63283567,217.22165863,279.29098878,284.47006176,126.40914006,291.69375738
22423,2011-11-28,197.00000000,286.37512449,118.38667008,244.09590742,347.76408912,458.73438688,113.46208241,463.65897455
22469,2011-11-28,809.00000000,296.87950554,46.49116500,283.51212675,514.77716544,622.85950756,36.23221174,633.11846082
22492,2011-11-28,229.00000000,263.85641972,112.12511104,277.04390330,488.41111409,499.80830852,101.22429326,510.70912630
22616,2011-11-28,636.00000000,244.06626914,80.99458483,207.07739550,826.93748062,1350.96764812,68.04850384,1363.91372911
71459,2011-11-28,124.00000000,131.34074736,67.55036877,186.13794912,305.34226834,421.38260748,63.20962397,425.72335229
72741,2011-11-28,237.00000000,129.79740184,46.68469860,135.49361743,296.34300667,401.20042695,42.49988698,405.38523857
84077,2011-11-28,689.00000000,740.00074873,180.20160530,622.04011738,1293.38910978,1911.18258163,138.04887548,1953.33531145
84212,2011-11-28,480.00000000,29.75655999,0.00000000,40.74353669,262.10597323,521.07452678,0.00000000,523.31923942
84270,2011-11-28,0.00000000,0.09656947,0.00000000,0.00000000,0.00000735,35.23093327,0.00000000,35.25994410
84347,2011-11-28,686.00000000,537.54690425,123.74025314,380.60670861,951.98140682,1041.19810385,107.43616907,1057.50218792
84568,2011-11-28,354.00000000,52.29943257,10.64457473,127.08629141,424.69477088,604.22310492,7.75799757,607.10968208
84598,2011-11-28,41.00000000,29.53246939,0.00000000,8.48314155,249.77788901,390.21563213,0.00000000,390.74145335
84755,2011-11-28,40.00000000,168.27610974,85.10804876,244.67696387,374.76794765,459.89505596,79.47994856,465.52315616
84879,2011-11-28,953.00000000,712.76311551,281.11311985,723.68866061,947.71102478,1267.52025112,255.22821057,1293.40516040
84946,2011-11-28,489.00000000,523.05511163,173.59170236,500.67785546,749.32012115,908.30471284,156.68927000,925.20714519
84970S,2011-11-28,265.00000000,171.01628193,96.21615354,182.86169697,317.13977506,384.31805608,93.01771000,387.51649962
84991,2011-11-28,112.00000000,243.96933659,114.40556739,239.54969148,357.98342943,495.80771465,108.16461350,502.04866854
84992,2011-11-28,161.00000000,144.90574526,32.00286966,138.36806792,282.52460795,432.17028563,28.85156871,435.32158658
85099B,2011-11-28,1009.00000000,942.17451008,307.06899688,756.01732474,1364.49495123,1479.68457484,270.55524632,1516.19832540
85099C,2011-11-28,384.00000000,257.96524192,115.28853586,284.30509564,340.62640470,390.46860584,106.82825379,398.92888790
85099F,2011-11-28,426.00000000,149.01235839,61.14085936,146.21695755,322.61626644,606.77859177,52.00970195,615.90974917
85123A,2011-11-28,654.00000000,796.76714841,309.00103294,675.91358750,1226.89789877,1937.13736679,290.07872184,1956.05967789
